{
  "methods": [
    "random",
    "cma",
    "map_elites"
  ],
  "metrics": {
    "random": {
      "mahalanobis_mean": 44.2858772277832,
      "mahalanobis_std": 5.0020341873168945,
      "mahalanobis_min": 30.677656173706055,
      "mahalanobis_max": 55.15907669067383,
      "reconstruction_error_mean": 0.15119905769824982,
      "reconstruction_error_std": 0.04235517606139183,
      "reconstruction_error_min": 0.05928948149085045,
      "reconstruction_error_max": 0.2730601727962494,
      "hotelling_t2_mean": 905.891357421875,
      "hotelling_t2_std": 144.42709350585938,
      "hotelling_t2_min": 496.18719482421875,
      "hotelling_t2_max": 1327.883056640625,
      "low_pc_coords_mean": 0.0002525821328163147,
      "low_pc_coords_std": 0.011863701045513153,
      "low_pc_coords_min": -0.05229165777564049,
      "low_pc_coords_max": 0.06441223621368408,
      "low_pc_magnitude_mean": 0.036103636026382446,
      "low_pc_magnitude_std": 0.010229338891804218,
      "low_pc_magnitude_min": 0.016263220459222794,
      "low_pc_magnitude_max": 0.07317928224802017,
      "low_pc_percentile_mean": 96.2877,
      "low_pc_percentile_std": 9.326206876860496,
      "low_pc_percentile_min": 45.18,
      "low_pc_percentile_max": 100.0,
      "low_pc_indices_mean": 762.5,
      "low_pc_indices_std": 2.8722813232690143,
      "low_pc_indices_min": 758.0,
      "low_pc_indices_max": 767.0,
      "knn_distance_mean": 0.6085245609283447,
      "knn_distance_std": 0.07782118022441864,
      "knn_distance_min": 0.38134509325027466,
      "knn_distance_max": 0.7687538862228394,
      "knn_density_mean": 1.6728729009628296,
      "knn_density_std": 0.23530660569667816,
      "knn_density_min": 1.3008064031600952,
      "knn_density_max": 2.6222968101501465,
      "knn_distances_all_mean": 0.6085245609283447,
      "knn_distances_all_std": 0.08309789001941681,
      "knn_distances_all_min": 0.3339275121688843,
      "knn_distances_all_max": 0.803847074508667,
      "mahalanobis_percentile_mean": 99.09819999999999,
      "mahalanobis_percentile_std": 2.368964491080438,
      "mahalanobis_percentile_min": 82.26,
      "mahalanobis_percentile_max": 100.0,
      "combined_alien_score_mean": 0.6937013077428876,
      "combined_alien_score_std": 0.09192563787691557,
      "combined_alien_score_min": 0.0,
      "combined_alien_score_max": 0.7957818925774414,
      "search_novelty_mean": 0.37037973463535306,
      "search_novelty_std": 0.12052127769739819,
      "search_novelty_min": 0.19808125495910645,
      "search_novelty_max": 1.0
    },
    "cma": {
      "mahalanobis_mean": 42.96036911010742,
      "mahalanobis_std": 5.306861877441406,
      "mahalanobis_min": 33.165191650390625,
      "mahalanobis_max": 54.542911529541016,
      "reconstruction_error_mean": 0.1428161859512329,
      "reconstruction_error_std": 0.045348744839429855,
      "reconstruction_error_min": 0.06594938784837723,
      "reconstruction_error_max": 0.26516321301460266,
      "hotelling_t2_mean": 857.72998046875,
      "hotelling_t2_std": 145.90701293945312,
      "hotelling_t2_min": 588.752685546875,
      "hotelling_t2_max": 1149.383056640625,
      "low_pc_coords_mean": 0.0006690192385576665,
      "low_pc_coords_std": 0.012188907712697983,
      "low_pc_coords_min": -0.04324952885508537,
      "low_pc_coords_max": 0.04769381880760193,
      "low_pc_magnitude_mean": 0.03739515319466591,
      "low_pc_magnitude_std": 0.009579833596944809,
      "low_pc_magnitude_min": 0.0191913191229105,
      "low_pc_magnitude_max": 0.06815119087696075,
      "low_pc_percentile_mean": 97.94833333333334,
      "low_pc_percentile_std": 5.47956861643526,
      "low_pc_percentile_min": 68.3,
      "low_pc_percentile_max": 100.0,
      "low_pc_indices_mean": 762.5,
      "low_pc_indices_std": 2.8722813232690143,
      "low_pc_indices_min": 758.0,
      "low_pc_indices_max": 767.0,
      "knn_distance_mean": 0.5914909839630127,
      "knn_distance_std": 0.07974427193403244,
      "knn_distance_min": 0.33104562759399414,
      "knn_distance_max": 0.7361723780632019,
      "knn_density_mean": 1.7253046035766602,
      "knn_density_std": 0.2636166512966156,
      "knn_density_min": 1.358377456665039,
      "knn_density_max": 3.0207316875457764,
      "knn_distances_all_mean": 0.5914909839630127,
      "knn_distances_all_std": 0.0857066959142685,
      "knn_distances_all_min": 0.30621421337127686,
      "knn_distances_all_max": 0.7592473030090332,
      "mahalanobis_percentile_mean": 98.69625,
      "mahalanobis_percentile_std": 2.024965663289133,
      "mahalanobis_percentile_min": 90.44,
      "mahalanobis_percentile_max": 100.0,
      "combined_alien_score_mean": 0.7386777505726915,
      "combined_alien_score_std": 0.09363964806718618,
      "combined_alien_score_min": 0.0,
      "combined_alien_score_max": 0.8173736248314237,
      "search_novelty_mean": 0.3909717723727226,
      "search_novelty_std": 0.1118788470097372,
      "search_novelty_min": 0.15551644563674927,
      "search_novelty_max": 1.0
    },
    "map_elites": {
      "mahalanobis_mean": 59.25389099121094,
      "mahalanobis_std": 6.818089962005615,
      "mahalanobis_min": 36.980934143066406,
      "mahalanobis_max": 68.1395034790039,
      "reconstruction_error_mean": 0.3151021897792816,
      "reconstruction_error_std": 0.08800575882196426,
      "reconstruction_error_min": 0.10042839497327805,
      "reconstruction_error_max": 0.4568999409675598,
      "hotelling_t2_mean": 1214.41455078125,
      "hotelling_t2_std": 127.56858825683594,
      "hotelling_t2_min": 656.9306640625,
      "hotelling_t2_max": 1422.6865234375,
      "low_pc_coords_mean": -0.003548084059730172,
      "low_pc_coords_std": 0.021057579666376114,
      "low_pc_coords_min": -0.08459683507680893,
      "low_pc_coords_max": 0.07050902396440506,
      "low_pc_magnitude_mean": 0.06462457031011581,
      "low_pc_magnitude_std": 0.019590085372328758,
      "low_pc_magnitude_min": 0.03068540059030056,
      "low_pc_magnitude_max": 0.1292983442544937,
      "low_pc_percentile_mean": 99.97549019607843,
      "low_pc_percentile_std": 0.12549218748419919,
      "low_pc_percentile_min": 98.94,
      "low_pc_percentile_max": 100.0,
      "low_pc_indices_mean": 762.5,
      "low_pc_indices_std": 2.8722813232690143,
      "low_pc_indices_min": 758.0,
      "low_pc_indices_max": 767.0,
      "knn_distance_mean": 0.8134745955467224,
      "knn_distance_std": 0.0842166617512703,
      "knn_distance_min": 0.5085083842277527,
      "knn_distance_max": 0.9184940457344055,
      "knn_density_mean": 1.2450275421142578,
      "knn_density_std": 0.15473875403404236,
      "knn_density_min": 1.0887386798858643,
      "knn_density_max": 1.9665359258651733,
      "knn_distances_all_mean": 0.8134746551513672,
      "knn_distances_all_std": 0.08809530735015869,
      "knn_distances_all_min": 0.44764047861099243,
      "knn_distances_all_max": 0.927517294883728,
      "mahalanobis_percentile_mean": 99.96235294117646,
      "mahalanobis_percentile_std": 0.28464348692392666,
      "mahalanobis_percentile_min": 97.24000000000001,
      "mahalanobis_percentile_max": 100.0,
      "combined_alien_score_mean": 0.7066088803344186,
      "combined_alien_score_std": 0.09290769484847258,
      "combined_alien_score_min": 0.0,
      "combined_alien_score_max": 0.7642417844164137,
      "search_novelty_mean": 0.5612660592750591,
      "search_novelty_std": 0.24013104873657046,
      "search_novelty_min": 0.13580024242401123,
      "search_novelty_max": 1.0
    }
  }
}